"Reference","Value","Datasheet","Footprint","Qty","DNP"
"C1,C3,C4,C6,C108,C110,C150,C152,C192,C194,C234,C236,C280,C282,C283,C285,C288","100p","~","Capacitor_SMD:C_0603_1608Metric","17",""
"C2,C5,C109,C151,C193,C235,C281,C284","1n","~","Capacitor_SMD:C_0603_1608Metric","8",""
"C7,C12,C13,C14,C21,C25,C26,C27,C29,C30,C32,C34,C44,C45,C47,C48,C49,C52,C53,C54,C61,C64,C65,C68,C73,C74,C75,C76,C81,C82,C83,C84,C96,C97,C102,C111,C114,C118,C120,C121,C122,C130,C131,C132,C134,C138,C140,C144,C145,C148,C149,C153,C156,C160,C162,C163,C164,C172,C173,C174,C176,C180,C182,C186,C187,C190,C191,C195,C198,C202,C204,C205,C206,C214,C215,C216,C218,C222,C224,C228,C229,C232,C233,C237,C240,C244,C246,C247,C248,C256,C257,C258,C260,C264,C266,C270,C271,C274,C275,C276,C279,C286,C287,C289,C290","100n","~","Capacitor_SMD:C_0603_1608Metric","105",""
"C8,C9,C10,C11,C15,C16,C17,C18,C22,C23,C24,C31,C39,C40,C41,C42,C43,C46,C50,C51,C57,C58,C59,C60,C63,C69,C70,C72,C86,C112,C113,C115,C116,C119,C123,C127,C128,C129,C133,C136,C137,C139,C142,C154,C155,C157,C158,C161,C165,C169,C170,C171,C175,C178,C179,C181,C184,C196,C197,C199,C200,C203,C207,C211,C212,C213,C217,C220,C221,C223,C226,C238,C239,C241,C242,C245,C249,C253,C254,C255,C259,C262,C263,C265,C268","10u","~","Capacitor_SMD:C_0805_2012Metric","85",""
"C19,C20,C28,C33,C35,C36,C37,C38,C117,C124,C125,C126,C159,C166,C167,C168,C201,C208,C209,C210,C243,C250,C251,C252","100u","~","Capacitor_SMD:C_1206_3216Metric","24",""
"C55,C56,C135,C177,C219,C261","200p","~","Capacitor_SMD:C_0603_1608Metric","6",""
"C62,C66,C67,C71,C141,C143,C183,C185,C225,C227,C267,C269","0.001u","~","Capacitor_SMD:C_0603_1608Metric","12",""
"C77,C78,C79,C80,C99,C100,C146,C147,C188,C189,C230,C231,C272,C273","0.1u","-- mixed values --","Capacitor_SMD:C_0603_1608Metric","14",""
"C85,C89","5u","~","Capacitor_SMD:CP_Elec_5x5.4","2",""
"C87","10u","~","Capacitor_SMD:CP_Elec_5x5.4","1",""
"C88,C90,C92,C277,C278,C291,C292","1u","-- mixed values --","Capacitor_SMD:C_0805_2012Metric","7",""
"C91","2.2u","~","Capacitor_SMD:CP_Elec_4x5.3","1",""
"C93,C101","10u","~","Capacitor_SMD:CP_Elec_4x5.3","2",""
"C94","100u","~","Capacitor_SMD:C_0805_2012Metric","1",""
"C95,C98","1u","~","Capacitor_SMD:CP_Elec_4x5.3","2",""
"C103","1.5n","~","Capacitor_SMD:C_0603_1608Metric","1",""
"C104,C105","10n","","Capacitor_SMD:C_0603_1608Metric","2",""
"C106,C107","2.2u","","Capacitor_SMD:C_0805_2012Metric","2",""
"D1,D2,D3,D4,D5","LED","~","LED_SMD:LED_0603_1608Metric","5",""
"F2","FUSE","","Fuse:Fuse_1206_3216Metric","1",""
"J1,J2,J3,J9,J10,J11","HDR-2x1","","IoWLabsConnectors:JST-XH-2x1-2.5p-TH-V","6",""
"J7,J15,J17,J18,J23","HDR-4x1","","IoWLabsConnectors:JST-XH-4x1-2.5P-TH-V","5",""
"J8","HDR-2x1","","IoWLabsConnectors:Tb-2x1-5p-TH-V","1",""
"J16,J25","ON OFF","","Connector_PinHeader_2.54mm:PinHeader_1x02_P2.54mm_Vertical","2",""
"J20","Conn_02x03_Counter_Clockwise","~","","1",""
"J21","Conn_02x03_Counter_Clockwise","~","Connector_PinHeader_2.54mm:PinHeader_2x03_P2.54mm_Vertical","1",""
"J22","Conn_02x04_Counter_Clockwise","~","Connector_PinHeader_2.54mm:PinHeader_2x04_P2.54mm_Vertical","1",""
"J24","Conn_01x03","~","","1",""
"J26,J27,J28","HDR-2x1","","Connector_JST:JST_XH_B2B-XH-A_1x02_P2.50mm_Vertical","3",""
"J29,J30,J31","HDR-3x1","","Connector_PinHeader_2.54mm:PinHeader_1x03_P2.54mm_Vertical","3",""
"J32","~","","Connector_PinHeader_2.54mm:PinHeader_1x02_P2.54mm_Vertical","1",""
"JP1,JP2,JP3,JP4,JP5,JP6,JP7,JP8,JP9,JP10,JP11,JP12,JP13,JP14,JP15,JP16,JP17,JP18,JP19,JP20,JP21,JP22,JP23,JP24","SolderJumper_2_Open","~","Jumper:SolderJumper-2_P1.3mm_Open_RoundedPad1.0x1.5mm","24",""
"R1,R2,R3,R4,R74,R75,R98,R99,R122,R123,R146,R147,R172,R173,R176,R177","10M","~","Resistor_SMD:R_0603_1608Metric","16",""
"R5,R6,R7,R8,R9,R10,R59,R60,R62,R63,R64,R65,R66,R67,R68,R69,R70,R71,R72,R73,R76,R77,R78,R100,R101,R102,R124,R125,R126,R148,R149,R150,R174,R175,R178,R179,R180,R184","4.7k","~","Resistor_SMD:R_0603_1608Metric","38",""
"R11,R12,R13,R16,R23,R24,R25,R26,R79,R80,R85,R86,R103,R104,R109,R110,R127,R128,R133,R134,R151,R152,R157,R158","160k","~","Resistor_SMD:R_0603_1608Metric","24",""
"R14,R15,R17,R19,R39,R40,R41,R42,R81,R82,R93,R94,R105,R106,R117,R118,R129,R130,R141,R142,R153,R154,R165,R166","20k","~","Resistor_SMD:R_0603_1608Metric","24",""
"R18,R20,R21,R22,R31,R32,R33,R34,R47,R48,R49,R52,R53,R83,R84,R89,R90,R97,R107,R108,R113,R114,R121,R131,R132,R137,R138,R145,R155,R156,R161,R162,R169","10k","~","Resistor_SMD:R_0603_1608Metric","33",""
"R27,R28,R29,R30,R87,R88,R111,R112,R135,R136,R159,R160,R181,R182","1k","~","Resistor_SMD:R_0603_1608Metric","14",""
"R35,R36,R37,R38,R91,R92,R115,R116,R139,R140,R163,R164","3.3k","~","Resistor_SMD:R_0603_1608Metric","12",""
"R43,R44,R45,R46,R57,R95,R96,R119,R120,R143,R144,R167,R168","33","~","Resistor_SMD:R_0603_1608Metric","13",""
"R50,R54","636","~","Resistor_SMD:R_1206_3216Metric","2",""
"R51","318","~","Resistor_SMD:R_1206_3216Metric","1",""
"R55,R56,R170,R171,R183","470","","Resistor_SMD:R_0603_1608Metric","5",""
"R58,R61","1M","~","Resistor_SMD:R_0603_1608Metric","2",""
"U1,U2,U24,U32,U40,U48","AD8421","https://www.analog.com/media/en/technical-documentation/data-sheets/AD8421.pdf","Package_SO:SOIC-8_3.9x4.9mm_P1.27mm","6",""
"U3,U4,U11,U12,U25,U29,U33,U37,U41,U45,U49,U53","OPA2277","https://www.ti.com/lit/ds/symlink/opa2277.pdf","Package_SO:SOIC-8_3.9x4.9mm_P1.27mm","12",""
"U5,U6,U26,U34,U42,U50","~","","Package_SO:TSSOP-16_4.4x5mm_P0.65mm","6",""
"U7,U8,U27,U35,U43,U51","OPA277","","Package_SO:SOIC-8_3.9x4.9mm_P1.27mm","6",""
"U9,U10,U13,U14,U28,U30,U36,U38,U44,U46,U52,U54","AD5282","https://www.analog.com/media/en/technical-documentation/data-sheets/AD5280_5282.pdf","Package_SO:TSSOP-16_4.4x5mm_P0.65mm","12",""
"U15,U16,U31,U39,U47,U55","AD8475xRMZ","https://www.analog.com/media/en/technical-documentation/data-sheets/AD8475.pdf","Package_SO:MSOP-10_3x3mm_P0.5mm","6",""
"U17","AP2112K-3.3","https://www.diodes.com/assets/Datasheets/AP2112.pdf","Package_TO_SOT_SMD:SOT-23-5","1",""
"U18","Teensy4.1","","teensy:Teensy41","1",""
"U19","ADS1299-4PAG","","Package_QFP:TQFP-64_10x10mm_P0.5mm","1",""
"U20","MEA1D","","IoWLabs:Miniature SIP 6p","1",""
"U21","TCA9548APWR","http://www.ti.com/lit/ds/symlink/tca9548a.pdf","Package_SO:TSSOP-24_4.4x7.8mm_P0.65mm","1",""
"U22","TPS730","https://www.ti.com/lit/ds/symlink/tps730.pdf","Package_TO_SOT_SMD:SOT-23-5","1",""
"U23","TPS72325DBV","https://www.ti.com/lit/ds/symlink/tps723.pdf","Package_TO_SOT_SMD:SOT-23-5","1",""
"U56,U57","OPA376xxDBV","http://www.ti.com/lit/ds/symlink/opa376.pdf","Package_TO_SOT_SMD:SOT-23-5","2",""
